{
  "battery_capacity_watt": 26000,
  "chh": [
    309.45607206338315,
    303.87637727884413,
    303.439873458958,
    306.0114689412845,
    309.45607206338315,
    311.9541121684807,
    312.94810262247205,
    312.196077796919,
    309.45607206338315,
    305.0436064275316,
    301.50414843145234,
    301.94065225133846,
    309.45607206338315,
    327.1890385828638,
    358.42088868139524,
    406.4686357696765,
    474.64929325840654,
    564.3181857098958,
    668.9838822928995,
    780.193263327784,
    889.4932091349162,
    987.6354655099631,
    1062.1912401497952,
    1099.9366062265824,
    1087.6476369124964,
    1018.6952857530653,
    912.8300277872487,
    796.3972184273633,
    695.7422130857266,
    630.257365596331,
    591.5230234798744,
    564.1665326787303,
    532.8152391352716,
    486.73194212958884,
    433.7212542926402,
    386.2232415931005,
    356.6779699996447,
    354.12432457838054,
    373.99646678514597,
    408.3273771732118,
    449.1500362958489,
    489.829493074953,
    529.0590699069195,
    566.8641575567693,
    603.2701467895225,
    637.0633720058285,
    662.0739421488506,
    670.8929097973805,
    656.1113275302104,
    613.3939760489441,
    550.7005485464332,
    479.0644663383416,
    409.51915074033263,
    352.50031729612164,
    316.0528584616296,
    307.62396092082867,
    334.66081135769133,
    401.03793934941575,
    496.3392460461036,
    606.5759754910823,
    717.7593717276795,
    818.6107721244373,
    908.6918873507568,
    990.2745214012534,
    1065.630478270543,
    1136.1625824894745,
    1199.797740733828,
    1253.5938802156181,
    1294.6089281468585,
    1320.8042435109282,
    1333.7549123766682,
    1335.9394525842847,
    1329.8363819739839,
    1317.803111601294,
    1301.7126253830315,
    1283.3168004513345,
    1264.3675139383417,
    1245.2301535839824,
    1220.7241495593528,
    1184.2824426433397,
    1129.3379736148295,
    1052.6501542798233,
    964.2842805527773,
    877.6321193752615,
    806.0854376888457,
    758.5969373674567,
    726.3630600144488,
    696.1411821655338,
    654.6886803564228,
    593.0130180779265,
    519.1220066412523,
    445.2735443127063,
    383.7255293585952,
    343.66961259914353,
    322.0324550702478,
    312.6744703617228
  ],
  "end_date": "2020-01-01",
  "g": [
    0,
    0,
    0,
    0,
    0,
    0,
    0,
    0,
    0,
    0,
    0,
    0,
    0,
    0,
    0,
    0,
    0,
    0,
    0,
    0,
    0,
    0,
    0,
    0,
    0,
    0,
    0,
    0,
    0,
    0,
    0,
    0,
    0,
    0,
    0,
    0,
    0.05647064785650428,
    6.694968610197294,
    26.247860526707324,
    48.606768449218166,
    67.8407191395186,
    85.68342863355836,
    96.57644155909274,
    104.16100726182711,
    112.18870629786164,
    117.92277703788629,
    117.64165530164493,
    119.29131917966976,
    119.11767035040391,
    117.11799555089034,
    116.99747466908035,
    110.84841983637907,
    102.3524617227973,
    94.16521461332114,
    82.55855303071593,
    64.07045616433119,
    44.186554400543024,
    21.85647257588767,
    4.209229635025806,
    0.0035294154910315177,
    0,
    0,
    0,
    0,
    0,
    0,
    0,
    0,
    0,
    0,
    0,
    0,
    0,
    0,
    0,
    0,
    0,
    0,
    0,
    0,
    0,
    0,
    0,
    0,
    0,
    0,
    0,
    0,
    0,
    0,
    0,
    0,
    0,
    0,
    0,
    0
  ],
  "start_date": "2020-01-01",
  "step_minutes": 15,
  "what_is_included": [
    "0e622d94"
  ]
}

